date,inflation_rate,unemployment_rate,federal_funds_rate,market_yield_10_rate,ppi_rate,gdp_pc1,gdp_invest_pc1,sp500_yoy,consumer_senti_pc1,oil_price_pc1,recessions
1970-01-01,6.16246,3.9,8.98,7.79,4.88506,0.32279,-6.34748,-0.11475853032589822,-20.46843,9.12052,1.0
1970-02-01,6.42458,4.2,8.98,7.24,4.85714,0.32279,-6.34748,-0.14089132761885947,-20.46843,9.12052,1.0
1970-03-01,6.09418,4.4,7.76,7.07,4.26136,0.32279,-6.34748,-0.10726722681874001,-17.59563,3.07692,1.0
1970-04-01,6.06061,4.6,8.1,7.39,4.24929,0.16112,-5.58762,-0.15119645625853118,-17.59563,0.0,1.0
1970-05-01,6.04396,4.8,7.95,7.91,3.66197,0.16112,-5.58762,-0.272987535719011,-17.59563,0.0,1.0
1970-06-01,6.01093,4.9,7.61,7.84,3.36134,0.16112,-5.58762,-0.23743124497282375,-10.18519,0.0,1.0
1970-07-01,5.70652,5.0,7.21,7.46,3.63128,0.42134,-5.96048,-0.20053728297428242,-10.18519,-1.19403,1.0
1970-08-01,5.69106,5.1,6.62,7.53,3.36134,0.42134,-5.96048,-0.17259650849495678,-10.18519,-1.19403,1.0
1970-09-01,5.66038,5.4,6.29,7.39,3.63128,0.42134,-5.96048,-0.12837656200083136,-9.15935,-1.19403,1.0
1970-10-01,5.63003,5.5,6.2,7.33,3.34262,-0.16735,-6.43554,-0.11668123186180368,-9.15935,-1.19403,1.0
1970-11-01,5.6,5.9,5.6,6.84,2.77008,-0.16735,-6.43554,-0.12384211479119644,-9.15935,-1.19403,1.0
1970-12-01,5.57029,6.1,4.9,6.39,2.20386,-0.16735,-6.43554,-0.011712816503661072,0.0,6.26866,0.0
1971-01-01,5.27704,5.9,4.14,6.24,2.19178,2.69716,7.68451,0.0349667125991886,0.0,6.26866,0.0
1971-02-01,4.72441,5.9,3.72,6.11,2.7248,2.69716,7.68451,0.11412819463157864,0.0,6.26866,0.0
1971-03-01,4.43864,6.0,3.71,5.7,2.99728,2.69716,7.68451,0.12350399518353505,6.36605,6.26866,0.0
1971-04-01,4.15584,5.9,4.16,5.83,2.98913,3.10644,10.4998,0.1989156497399458,6.36605,6.26866,0.0
1971-05-01,4.40415,5.9,4.63,6.39,3.53261,3.10644,10.4998,0.3363212034069776,6.36605,6.26866,0.0
1971-06-01,4.38144,5.9,4.91,6.52,3.52304,3.10644,10.4998,0.318623555623069,5.79897,6.26866,0.0
1971-07-01,4.37018,6.0,5.31,6.73,3.2345,3.00528,10.04961,0.30715129892741233,5.79897,7.55287,0.0
1971-08-01,4.35897,6.1,5.57,6.58,4.33604,3.00528,10.04961,0.24783044611761773,5.79897,7.55287,0.0
1971-09-01,4.08163,6.0,5.55,6.14,3.2345,3.00528,10.04961,0.20664795576995032,13.25967,7.55287,0.0
1971-10-01,3.80711,5.8,5.2,5.93,3.2345,4.36555,13.09047,0.15318014821980452,13.25967,7.55287,0.0
1971-11-01,3.53535,6.0,4.91,5.81,3.2345,4.36555,13.09047,0.1007049944088676,13.25967,7.55287,0.0
1971-12-01,3.26633,6.0,4.14,5.93,4.04313,4.36555,13.09047,0.10123360695500572,18.82202,0.0,0.0
1972-01-01,3.25815,5.8,3.51,5.95,4.02145,3.47251,7.95628,0.1048979939808059,18.82202,0.0,0.0
1972-02-01,3.7594,5.7,3.3,6.08,3.97878,3.47251,7.95628,0.0837268898714203,18.82202,0.0,0.0
1972-03-01,3.5,5.8,3.83,6.07,3.7037,3.47251,7.95628,0.08121529714806397,10.47382,0.0,0.0
1972-04-01,3.49127,5.7,4.17,6.19,3.69393,5.25138,10.94047,0.05590978742622155,10.47382,0.0,0.0
1972-05-01,3.22581,5.7,4.27,6.13,3.67454,5.25138,10.94047,0.05905948873295097,10.47382,0.0,0.0
1972-06-01,2.96296,5.7,4.46,6.11,3.9267,5.25138,10.94047,0.0837202409648028,15.95615,0.0,0.0
1972-07-01,2.95567,5.6,4.55,6.11,4.43864,5.37836,11.16703,0.08316469824832251,15.95615,0.0,0.0
1972-08-01,2.9484,5.6,4.81,6.21,4.15584,5.37836,11.16703,0.14157622939615133,15.95615,0.0,0.0
1972-09-01,3.18627,5.5,4.87,6.55,4.96084,5.37836,11.16703,0.10054018249535757,10.60976,0.0,0.0
1972-10-01,3.17848,5.6,5.05,6.48,4.69974,6.89181,14.95984,0.1261017344415607,10.60976,0.0,0.0
1972-11-01,3.41463,5.3,5.06,6.28,5.22193,6.89181,14.95984,0.24000419439114573,10.60976,0.0,0.0
1972-12-01,3.40633,5.2,5.33,6.36,6.47668,6.89181,14.95984,0.18481845431893884,-11.74569,0.0,0.0
1973-01-01,3.64078,4.9,5.94,6.46,7.21649,7.56118,14.17362,0.14640409945950372,-11.74569,0.0,0.0
1973-02-01,3.86473,5.0,6.58,6.64,8.16327,7.56118,14.17362,0.084767745642641,-11.74569,0.0,0.0
1973-03-01,4.83092,4.9,7.09,6.71,10.71429,7.56118,14.17362,0.043875757174396623,-13.09255,0.0,0.0
1973-04-01,5.3012,5.0,7.12,6.67,10.94148,6.31955,12.64208,0.013445325729222635,-13.09255,0.0,0.0
1973-05-01,5.52885,4.9,7.84,6.85,12.65823,6.31955,12.64208,-0.003956586225769554,-13.09255,0.0,0.0
1973-06-01,5.9952,4.9,8.49,6.9,14.60957,6.31955,12.64208,-0.03014238956201698,-24.36975,0.0,0.0
1973-07-01,5.74163,4.8,10.4,7.13,12.25,4.77135,7.03783,-0.01280433555794569,-24.36975,0.0,0.0
1973-08-01,7.39857,4.8,10.5,7.4,18.45387,4.77135,7.03783,-0.0649310516597833,-24.36975,21.06742,0.0
1973-09-01,7.36342,4.8,10.78,7.09,16.16915,4.77135,7.03783,-0.03459415747919359,-15.65601,21.06742,0.0
1973-10-01,8.05687,4.6,10.01,6.79,15.46135,4.02406,10.1597,0.0025704112096327503,-15.65601,21.06742,0.0
1973-11-01,8.25472,4.8,10.03,6.73,15.38462,4.02406,10.1597,-0.11312022487182916,-15.65601,21.06742,0.0
1973-12-01,8.94118,4.9,9.95,6.74,15.32847,4.02406,10.1597,-0.19330959412431137,-24.54212,21.06742,1.0
1974-01-01,9.60187,5.1,9.65,6.99,17.78846,0.639,-1.88141,-0.1884102849185374,-24.54212,183.98876,1.0
1974-02-01,10.0,5.2,8.97,6.96,17.92453,0.639,-1.88141,-0.18141458235127317,-24.54212,183.98876,1.0
1974-03-01,10.13825,5.1,9.35,7.21,16.58986,0.639,-1.88141,-0.1332237366072293,-6.36364,183.98876,1.0
1974-04-01,10.06865,5.1,10.51,7.51,16.97248,-0.20826,-6.2684,-0.16157760572941582,-6.36364,183.98876,1.0
1974-05-01,10.70615,5.1,11.31,7.58,16.40449,-0.20826,-6.2684,-0.16370403970492364,-6.36364,183.98876,1.0
1974-06-01,10.85973,5.4,11.93,7.54,14.28571,-0.20826,-6.2684,-0.1428886111276224,-10.55556,183.98876,1.0
1974-07-01,11.53846,5.5,12.92,7.81,20.26726,-0.62904,-7.78265,-0.217464448246245,-10.55556,183.98876,1.0
1974-08-01,10.88889,5.5,12.01,8.04,17.68421,-0.62904,-7.78265,-0.2675788155208434,-10.55556,134.57077,1.0
1974-09-01,11.9469,5.9,11.34,8.04,19.70021,-0.62904,-7.78265,-0.3549279905503038,-22.22222,134.57077,1.0
1974-10-01,11.84211,6.0,10.06,7.9,22.89417,-1.94576,-10.41394,-0.36787233297486976,-22.22222,158.93271,1.0
1974-11-01,12.20044,6.6,9.45,7.68,23.44086,-1.94576,-10.41394,-0.2969225580689112,-22.22222,158.93271,1.0
1974-12-01,12.09503,7.2,8.53,7.43,20.88608,-1.94576,-10.41394,-0.29235595283874827,-6.79612,158.93271,1.0
1975-01-01,11.75214,8.1,7.13,7.5,17.14286,-2.29977,-20.29252,-0.24498916994528053,-6.79612,10.38576,1.0
1975-02-01,11.20507,8.1,6.24,7.39,14.4,-2.29977,-20.29252,-0.1429199076729878,-6.79612,10.38576,1.0
1975-03-01,10.46025,8.6,5.54,7.73,12.45059,-2.29977,-20.29252,-0.13964676874864834,0.97087,10.38576,1.0
1975-04-01,10.18711,8.8,5.49,8.23,12.7451,-1.83484,-22.35565,-0.08363970940765353,0.97087,10.38576,0.0
1975-05-01,9.25926,9.0,5.22,8.06,11.77606,-1.83484,-22.35565,0.004783431163127405,0.97087,10.38576,0.0
1975-06-01,9.18367,8.8,5.55,7.86,11.53846,-1.83484,-22.35565,0.02907613084106697,17.54658,10.38576,0.0
1975-07-01,9.53347,8.6,6.1,8.06,8.7037,0.79862,-11.76295,0.11673857180432434,17.54658,10.38576,0.0
1975-08-01,8.61723,8.4,6.14,8.4,5.54562,0.79862,-11.76295,0.12744240545482644,17.54658,10.38576,0.0
1975-09-01,7.90514,8.4,6.24,8.43,6.26118,0.79862,-11.76295,0.2429338292633132,27.05882,10.38576,0.0
1975-10-01,7.64706,8.4,5.82,8.14,5.09666,2.5548,-9.84729,0.2756321230159833,27.05882,0.0,0.0
1975-11-01,7.37864,8.3,5.22,8.05,3.65854,2.5548,-9.84729,0.2554924669581573,27.05882,0.0,0.0
1975-12-01,7.12909,8.2,5.2,8.0,4.18848,2.5548,-9.84729,0.3224399362030652,46.875,0.0,0.0
1976-01-01,6.69216,7.9,4.87,7.74,4.3554,6.1543,17.83164,0.33481343397101715,46.875,0.0,0.0
1976-02-01,6.27376,7.7,4.77,7.79,4.72028,6.1543,17.83164,0.2564724371527971,46.875,7.7957,0.0
1976-03-01,6.06061,7.6,4.84,7.73,5.44815,6.1543,17.83164,0.20579669921966448,14.42308,8.42294,0.0
1976-04-01,5.84906,7.7,4.82,7.56,5.3913,6.17398,26.25401,0.2030889452210103,14.42308,9.05018,0.0
1976-05-01,6.21469,7.4,5.29,7.9,5.00864,6.17398,26.25401,0.12282216123744427,14.42308,9.05018,0.0
1976-06-01,5.98131,7.6,5.48,7.86,5.51724,6.17398,26.25401,0.10140653925840648,18.49406,9.05018,0.0
1976-07-01,5.55556,7.8,5.31,7.83,4.94037,4.95826,17.57854,0.1266518005826378,18.49406,9.05018,0.0
1976-08-01,5.71956,7.8,5.29,7.77,4.0678,4.95826,17.57854,0.20507791150355548,18.49406,9.05018,0.0
1976-09-01,5.49451,7.6,5.25,7.59,4.0404,4.95826,17.57854,0.24542775668923178,15.07937,24.55197,0.0
1976-10-01,5.46448,7.7,5.02,7.41,3.51171,4.31152,15.24159,0.15027928631643417,15.07937,24.55197,0.0
1976-11-01,5.06329,7.8,4.95,7.29,4.20168,4.31152,15.24159,0.12355747246992976,15.07937,24.55197,0.0
1976-12-01,5.03597,7.8,4.65,6.87,4.69012,4.31152,15.24159,0.1799365491289282,2.95508,24.55197,0.0
1977-01-01,5.19713,7.5,4.61,7.21,4.8414,3.22684,9.96988,0.0717927283537465,2.95508,24.55197,0.0
1977-02-01,6.08229,7.6,4.68,7.39,6.01002,3.22684,9.96988,0.0031430519826718406,2.95508,15.54447,0.0
1977-03-01,6.42857,7.4,4.69,7.46,6.83333,3.22684,9.96988,-0.005092609522932334,8.28331,14.87603,0.0
1977-04-01,6.95187,7.2,4.73,7.37,7.09571,4.4653,13.36683,-0.02825013581567648,8.28331,14.21528,0.0
1977-05-01,6.73759,7.0,5.35,7.46,7.23684,4.4653,13.36683,-0.023739381048179853,8.28331,14.21528,0.0
1977-06-01,6.70194,7.2,5.39,7.28,6.20915,4.4653,13.36683,-0.024378363500918154,-0.78038,14.21528,0.0
1977-07-01,6.66667,6.9,5.42,7.33,5.68182,5.76999,18.68998,-0.038603606558191284,-0.78038,14.21528,0.0
1977-08-01,6.63176,7.0,5.9,7.4,5.86319,5.76999,18.68998,-0.05365205296096898,-0.78038,22.02136,0.0
1977-09-01,6.42361,6.8,6.14,7.34,5.66343,5.76999,18.68998,-0.08744107405332846,-2.98851,6.83453,0.0
1977-10-01,6.39033,6.8,6.47,7.52,5.97738,5.01327,14.85331,-0.07994989978955913,-2.98851,6.83453,0.0
1977-11-01,6.71256,6.8,6.51,7.58,6.12903,5.01327,14.85331,-0.06828665732394257,-2.98851,6.83453,0.0
1977-12-01,6.67808,6.4,6.56,7.69,5.92,5.01327,14.85331,-0.1035767020083922,-3.2147,6.83453,0.0
1978-01-01,6.81431,6.4,6.7,7.96,6.36943,4.11411,11.90714,-0.13065576141896917,-3.2147,6.83453,0.0
1978-02-01,6.23946,6.3,6.78,8.03,6.29921,4.11411,11.90714,-0.1186710128950792,-3.2147,6.83453,0.0
1978-03-01,6.37584,6.3,6.79,8.04,6.24025,4.11411,11.90714,-0.11683474460076293,-8.09313,6.83453,0.0
1978-04-01,6.5,6.1,6.89,8.15,6.31741,6.07793,11.20332,-0.0640030402963665,-8.09313,6.83453,0.0
1978-05-01,7.14286,6.0,7.36,8.35,6.59509,6.07793,11.20332,-0.01365123864605955,-8.09313,6.83453,0.0
1978-06-01,7.43802,5.9,7.6,8.46,7.69231,6.07793,11.20332,-0.01635772303428229,-11.91011,6.83453,0.0
1978-07-01,7.73026,6.2,7.81,8.64,8.14132,5.24703,8.93098,-0.029806022966097467,-11.91011,6.83453,0.0
1978-08-01,7.85597,5.9,8.04,8.41,8.30769,5.24703,8.93098,0.06313800143459414,-11.91011,0.0,0.0
1978-09-01,8.48287,6.0,8.45,8.42,8.72894,5.24703,8.93098,0.07923133019140671,-11.13744,0.0,0.0
1978-10-01,8.92857,5.8,8.96,8.64,9.45122,6.65956,14.31777,0.07301202215642921,-11.13744,0.0,0.0
1978-11-01,8.87097,5.9,9.76,8.81,9.57447,6.65956,14.31777,0.004520303040419726,-11.13744,0.0,0.0
1978-12-01,8.98876,6.0,10.03,9.01,9.81873,6.65956,14.31777,0.024376586661035038,-13.85902,0.0,0.0
1979-01-01,9.2504,5.9,10.07,9.1,10.47904,6.51045,12.31866,0.10477039483360584,-13.85902,0.0,0.0
1979-02-01,9.84127,5.9,10.06,9.1,10.96296,6.51045,12.31866,0.1040087981491602,-12.33689,6.73401,0.0
1979-03-01,10.25237,5.8,10.09,9.12,11.3069,6.51045,12.31866,0.12714236864153028,-13.19797,6.73401,0.0
1979-04-01,10.48513,5.8,10.01,9.18,11.44928,2.6567,5.37338,0.10091090908333822,-19.11765,6.73401,0.0
1979-05-01,10.69767,5.6,10.24,9.25,11.51079,2.6567,5.37338,0.023769632820450637,-17.85283,21.88552,0.0
1979-06-01,11.07692,5.7,10.29,8.91,11.42857,2.6567,5.37338,0.04163142398589459,-17.75,28.61953,0.0
1979-07-01,11.45038,5.7,10.47,8.95,12.5,2.38945,0.66594,0.05678348025832958,-26.69903,46.46465,0.0
1979-08-01,11.83612,6.0,10.94,9.03,13.06818,2.38945,0.66594,0.03304742979275721,-17.72959,78.45118,0.0
1979-09-01,11.8797,5.9,11.43,9.33,13.94366,2.38945,0.66594,0.04563815964237361,-17.0398,91.91919,0.0
1979-10-01,12.07154,6.0,13.77,10.3,14.3454,1.28409,-3.35474,0.03866839304972802,-21.68979,95.2862,0.0
1979-11-01,12.59259,5.9,13.18,10.65,14.56311,1.28409,-3.35474,0.09454473583492651,-15.6,108.75421,0.0
1979-12-01,13.25479,6.0,13.78,10.39,14.71802,1.28409,-3.35474,0.12141091790870706,-7.71558,118.85522,0.0
1980-01-01,13.86861,6.3,13.82,10.8,15.44715,1.42055,-4.17492,0.11196208953618947,-7.07351,118.85522,0.0
1980-02-01,14.16185,6.3,14.13,12.41,16.02136,1.42055,-4.17492,0.17417916150552104,-9.47226,133.43849,1.0
1980-03-01,14.59227,6.3,17.19,12.75,15.43536,1.42055,-4.17492,0.04568788361985021,-17.39766,139.74763,1.0
1980-04-01,14.58924,6.9,17.61,11.47,14.17425,-0.77507,-12.24375,0.008824360405570442,-20.15152,149.21136,1.0
1980-05-01,14.42577,7.5,10.98,10.18,13.93548,-0.77507,-12.24375,0.07988308420281087,-24.08223,118.23204,1.0
1980-06-01,14.26593,7.6,9.47,9.78,13.71795,-0.77507,-12.24375,0.1260134465954219,-10.79027,106.80628,1.0
1980-07-01,13.15068,7.8,9.03,10.25,14.01515,-1.62375,-16.63178,0.1666932254821012,3.1457,81.6092,1.0
1980-08-01,12.89009,7.7,9.61,11.1,14.94975,-1.62375,-16.63178,0.1503462026235316,4.34109,43.39623,0.0
1980-09-01,12.76882,7.5,10.87,11.51,13.34981,-1.62375,-16.63178,0.16496852256075134,10.49475,26.31579,0.0
1980-10-01,12.63298,7.5,12.81,11.75,13.03289,-0.03905,-7.21564,0.24646258059426773,20.77295,24.13793,0.0
1980-11-01,12.63158,7.5,15.85,12.68,12.83293,-0.03905,-7.21564,0.30859981585468166,21.16904,16.12903,0.0
1980-12-01,12.35371,7.2,18.9,12.84,12.47002,-0.03905,-7.21564,0.2385241864651637,5.7377,13.84615,0.0
1981-01-01,11.79487,7.5,19.08,12.57,11.73709,1.6,2.07025,0.1993135550064078,6.56716,16.92308,0.0
1981-02-01,11.39241,7.4,15.93,13.19,10.58688,1.6,2.07025,0.11319904345970966,0.0,2.7027,0.0
1981-03-01,10.61174,7.4,14.7,13.12,10.85714,1.6,2.07025,0.2722308339968631,17.69912,0.0,0.0
1981-04-01,10.13597,7.2,15.72,13.68,11.61731,2.96867,6.93216,0.30554500141678154,37.3814,-3.79747,0.0
1981-05-01,9.79192,7.5,18.52,14.1,11.32503,2.96867,6.93216,0.22315682667181647,47.58221,-3.79747,0.0
1981-06-01,9.69697,7.5,19.1,13.47,11.04848,2.96867,6.93216,0.15479335597856325,24.53152,-8.86076,0.0
1981-07-01,10.77482,7.2,19.04,14.28,9.63455,4.32572,20.9414,0.07756644945866475,18.94061,-8.86076,0.0
1981-08-01,10.81731,7.4,17.82,14.94,8.19672,4.32572,20.9414,0.04966010019543776,14.71025,-5.26316,1.0
1981-09-01,10.96544,7.6,15.87,15.32,7.74264,4.32572,20.9414,-0.06515101559282277,-0.81411,0.0,1.0
1981-10-01,10.27155,7.9,15.08,15.15,6.57328,1.29983,6.7344,-0.0800481660284792,-6.26667,-2.77778,1.0
1981-11-01,9.57944,8.3,13.31,13.39,6.00858,1.29983,6.7344,-0.09387781809049578,-18.51369,0.0,1.0
1981-12-01,8.91204,8.5,12.37,13.72,5.33049,1.29983,6.7344,-0.072586605499393,-0.31008,-5.40541,1.0
1982-01-01,8.25688,8.6,13.22,14.59,4.72689,-2.19052,-11.54845,-0.11799442222038359,-0.56022,-10.92105,1.0
1982-02-01,7.61364,8.9,14.78,14.43,3.85016,-2.19052,-11.54845,-0.10825946155723731,-0.59791,-16.94737,1.0
1982-03-01,6.88488,9.0,14.68,13.86,2.68041,-2.19052,-11.54845,-0.16775782557415897,-6.76692,-25.05263,1.0
1982-04-01,6.62177,9.3,14.94,13.87,1.63265,-1.01075,-7.7942,-0.13479726065876396,-9.53039,-11.97368,1.0
1982-05-01,6.91193,9.4,14.45,13.62,1.52594,-1.01075,-7.7942,-0.11671108338398184,-11.53342,-5.44737,1.0
1982-06-01,7.18232,9.6,14.15,14.3,1.52284,-1.01075,-7.7942,-0.1707014648911268,-10.12312,-2.58333,1.0
1982-07-01,6.55738,9.8,12.59,13.95,1.41414,-2.55604,-13.51371,-0.15295754413932727,-11.74089,-5.11111,1.0
1982-08-01,5.96529,9.8,10.12,13.06,1.31313,-2.55604,-13.51371,-0.15411735375221747,-15.28497,-5.69444,1.0
1982-09-01,4.94092,10.1,10.31,12.34,1.21457,-2.55604,-13.51371,0.03520610190351681,-5.19836,-1.02778,1.0
1982-10-01,5.03212,10.4,9.71,10.91,1.31446,-1.44318,-17.28626,0.1073705708922561,4.40967,1.94286,1.0
1982-11-01,4.47761,10.8,9.2,10.55,1.51822,-1.44318,-17.28626,0.12350728190333715,15.36,-5.13889,1.0
1982-12-01,3.82572,10.8,8.95,10.54,1.72065,-1.44318,-17.28626,0.1257880745717308,11.8196,-9.37143,0.0
1983-01-01,3.70763,10.4,8.68,10.46,0.5015,1.43147,-5.47978,0.2301453553390247,-0.84507,-7.8582,0.0
1983-02-01,3.48469,10.4,8.51,10.72,0.7014,1.43147,-5.47978,0.28212151464634316,12.18045,-8.26996,0.0
1983-03-01,3.59029,10.3,8.77,10.51,0.80321,1.43147,-5.47978,0.37020518602390995,30.32258,1.19382,0.0
1983-04-01,4.0,10.2,8.8,10.4,0.80321,3.26848,2.96932,0.35599581944978986,36.03053,-8.49028,0.0
1983-05-01,3.44108,10.1,8.63,10.38,1.002,3.26848,2.96932,0.4103387448042244,38.22222,-16.50431,0.0
1983-06-01,2.47423,10.1,8.98,10.85,1.0,3.26848,2.96932,0.5166138407981211,40.33486,-11.60536,0.0
1983-07-01,2.35897,9.4,9.37,11.38,0.89641,5.73697,10.42785,0.526385869212479,41.89602,-7.3185,0.0
1983-08-01,2.4565,9.5,9.56,11.85,1.49551,5.73697,10.42785,0.4812202854887686,38.99083,-6.00884,0.0
1983-09-01,2.76356,9.2,9.45,11.65,2.0,5.73697,10.42785,0.36531835513042643,29.72583,-12.68594,0.0
1983-10-01,2.75229,8.8,9.48,11.54,1.99601,7.89966,31.32167,0.2637847216771638,21.66213,-14.77018,0.0
1983-11-01,3.16327,8.5,9.34,11.69,1.79462,7.89966,31.32167,0.19645048426630063,26.35229,-12.62079,0.0
1983-12-01,3.7871,8.3,9.47,11.83,1.79104,7.89966,31.32167,0.17942347913245804,31.0153,-7.81841,0.0
1984-01-01,4.29009,8.0,9.56,11.67,2.69461,8.57805,39.19067,0.15336627540713987,42.1875,-4.80923,0.0
1984-02-01,4.69388,7.8,9.59,11.84,2.68657,8.57805,39.19067,0.07121175599568241,30.563,4.12781,0.0
1984-03-01,4.89297,7.8,9.91,12.32,3.48606,8.57805,39.19067,0.0366226253195332,25.0,6.73491,0.0
1984-04-01,4.55466,7.7,10.29,12.63,3.58566,7.99653,32.02498,-0.0007006511770847323,7.85634,0.02614,0.0
1984-05-01,4.33468,7.4,10.32,13.41,3.27381,7.99653,32.02498,-0.04598638492407148,5.14469,1.73333,0.0
1984-06-01,4.32596,7.2,11.06,13.56,2.9703,7.99653,32.02498,-0.0796081190632898,3.57918,-3.33226,0.0
1984-07-01,4.30862,7.5,11.23,13.36,2.86278,6.90073,26.93489,-0.095075218937696,4.09483,-9.18509,0.0
1984-08-01,4.2957,7.5,11.64,12.72,1.96464,6.90073,26.93489,0.012332663996467375,9.0209,-8.33594,0.0
1984-09-01,4.28287,7.3,11.3,12.52,1.37255,6.90073,26.93489,-0.006268507752058561,12.23582,-5.78271,0.0
1984-10-01,4.26587,7.4,9.99,12.16,1.17417,5.57564,14.18056,-0.016913317341020084,7.83875,-5.4094,0.0
1984-11-01,4.1543,7.2,9.43,11.57,1.56709,5.57564,14.18056,0.006299988739230544,5.0494,-5.8378,0.0
1984-12-01,4.04339,7.3,8.38,11.5,1.17302,5.57564,14.18056,0.0006605349804491567,-1.38004,-13.03352,0.0
1985-01-01,3.52595,7.3,8.35,11.38,0.48591,4.55482,1.26339,0.03137076179050813,-4.0959,-13.63759,0.0
1985-02-01,3.60624,7.2,8.5,11.51,0.0969,4.55482,1.26339,0.1502967308684504,-3.79877,-9.53392,0.0
1985-03-01,3.79009,7.2,8.58,11.86,-0.76997,4.55482,1.26339,0.13961858574188435,-7.22772,-8.20194,0.0
1985-04-01,3.5818,7.3,8.27,11.43,-0.67308,3.68399,-0.25554,0.14604601594049238,-1.56087,-5.92135,0.0
1985-05-01,3.57488,7.2,7.97,10.85,-0.57637,3.68399,-0.25554,0.1810796296379653,-6.42202,-9.49214,0.0
1985-06-01,3.66442,7.4,7.53,10.16,-0.67308,3.68399,-0.25554,0.23354314567814116,1.04712,-9.4237,0.0
1985-07-01,3.45821,7.4,7.88,10.31,-0.95969,4.26242,-3.03386,0.2744702888550199,-2.69151,-4.94922,0.0
1985-08-01,3.35249,7.1,7.9,10.33,-1.05973,4.26242,-3.03386,0.14527045592631538,-6.76085,-5.11111,0.0
1985-09-01,3.24737,7.1,7.92,10.37,-1.25725,4.26242,-3.03386,0.10892104071407305,-8.72151,-3.48675,0.0
1985-10-01,3.23501,7.1,7.99,10.24,-0.48356,4.18246,1.8613,0.12960750714249825,-8.20353,2.68729,0.0
1985-11-01,3.51377,7.0,8.05,9.78,-0.2893,4.18246,1.8613,0.18748564338750762,-5.01567,9.66261,0.0
1985-12-01,3.79147,7.0,8.27,9.26,0.09662,4.18246,1.8613,0.2600779296941682,1.07643,7.0746,0.0
1986-01-01,3.97351,6.7,8.14,9.19,-0.19342,4.14611,4.70218,0.21316229431438427,-0.41667,-10.51441,0.0
1986-02-01,3.19849,7.2,7.86,8.7,-1.54889,4.14611,4.70218,0.2127350526737699,2.34792,-43.37575,0.0
1986-03-01,2.15356,7.2,7.48,7.78,-2.71581,4.14611,4.70218,0.2948779556250054,1.49413,-55.31553,0.0
1986-04-01,1.58879,7.1,6.99,7.3,-3.5818,3.702,1.1514,0.31751529226785324,1.69133,-55.4001,0.0
1986-05-01,1.6791,7.2,6.85,7.71,-3.38164,3.702,1.1514,0.28967129193603935,3.26797,-44.09007,0.0
1986-06-01,1.76744,7.2,6.92,7.8,-3.29138,3.702,1.1514,0.2986442378839418,2.90155,-50.37763,0.0
1986-07-01,1.67131,7.0,6.56,7.3,-3.68217,3.11918,-0.8939,0.24739965735427538,3.93617,-57.64572,0.0
1986-08-01,1.57553,6.9,6.17,7.17,-3.31061,3.11918,-0.8939,0.30107632092263636,2.70563,-45.62421,0.0
1986-09-01,1.75763,7.0,5.89,7.45,-2.64447,3.11918,-0.8939,0.2934937969163811,-0.21716,-47.2834,0.0
1986-10-01,1.56682,7.0,5.85,7.43,-3.10982,2.90724,-4.13076,0.2748712703250946,8.1448,-49.71901,0.0
1986-11-01,1.2844,6.9,6.04,7.25,-3.48162,2.90724,-4.13076,0.24131789617251176,0.55006,-50.64745,0.0
1986-12-01,1.18721,6.6,6.91,7.11,-3.76448,2.90724,-4.13076,0.19949971015780643,-5.11182,-40.95784,0.0
1987-01-01,1.36488,6.6,6.43,7.08,-2.61628,2.71158,-1.5147,0.2705017313966447,-5.43933,-18.69253,0.0
1987-02-01,1.91431,6.6,6.1,7.25,-0.6883,2.71158,-1.5147,0.2806686582601976,-5.94369,14.79083,0.0
1987-03-01,2.84143,6.6,6.13,7.25,0.89731,2.71158,-1.5147,0.258878065243082,-4.52156,45.07053,0.0
1987-04-01,3.67985,6.3,6.37,8.02,2.30924,3.3536,0.28744,0.21580311425956045,-3.5343,45.11559,0.0
1987-05-01,3.66972,6.3,6.85,8.61,2.6,3.3536,0.28744,0.21243249637215866,-3.90295,25.71225,0.0
1987-06-01,3.74771,6.2,6.73,8.4,3.1031,3.3536,0.28744,0.22865615716766063,-7.85498,48.74155,0.0
1987-07-01,3.92694,6.1,6.58,8.45,4.12475,3.26199,3.07474,0.2910620091072269,-4.09417,84.49244,0.0
1987-08-01,4.28832,6.0,6.73,8.76,4.53172,3.26199,3.07474,0.34431352915591384,-0.52687,34.33607,0.0
1987-09-01,4.27273,5.9,7.22,9.42,4.32596,3.26199,3.07474,0.3373996947284632,1.84984,30.93274,0.0
1987-10-01,4.35572,6.0,7.29,9.52,4.41324,4.47456,9.76945,0.1803535148287263,-6.58996,33.63857,0.0
1987-11-01,4.52899,5.8,6.69,8.86,4.40882,4.47456,9.76945,-0.00034326704822162935,-9.08096,24.41639,0.0
1987-12-01,4.33213,5.7,6.77,8.99,4.51354,4.47456,9.76945,-0.030769817504093577,-2.58137,7.24683,0.0
1988-01-01,4.12926,5.7,6.83,8.67,4.0796,4.24126,1.75394,-0.05305809979960585,0.44248,-8.01887,0.0
1988-02-01,3.9356,5.7,6.58,8.21,3.76238,4.24126,1.75394,-0.08117991680683379,1.55211,-5.42141,0.0
1988-03-01,3.83244,5.7,6.58,8.37,3.65613,4.24126,1.75394,-0.09140714531159844,4.18502,-11.40672,0.0
1988-04-01,3.9929,5.4,6.87,8.72,3.82728,4.48449,4.12413,-0.0923068955111992,-1.72414,-4.11951,0.0
1988-05-01,3.9823,5.6,7.09,9.09,3.80117,4.48449,4.12413,-0.1141124819403706,4.06147,-10.18285,0.0
1988-06-01,3.96476,5.4,7.51,8.92,4.07767,4.48449,4.12413,-0.1018678919264091,3.49727,-17.49027,0.0
1988-07-01,4.13005,5.4,7.75,9.06,4.25121,4.1932,4.68731,-0.13234265858928207,-0.32017,-27.42683,0.0
1988-08-01,4.11199,5.6,8.01,9.26,4.04624,4.1932,4.68731,-0.19927117593450516,3.17797,-23.42902,0.0
1988-09-01,4.18483,5.4,8.19,8.98,4.24301,4.1932,4.68731,-0.15907487175626522,3.95299,-25.90904,0.0
1988-10-01,4.26087,5.4,8.3,8.8,3.93852,3.79934,-0.49516,-0.009881266337988137,5.37514,-30.48166,0.0
1988-11-01,4.2461,5.3,8.35,8.96,3.93474,3.79934,-0.49516,0.10618320135773551,11.91336,-26.12579,0.0
1988-12-01,4.41176,5.3,8.76,9.11,4.60653,3.79934,-0.49516,0.14757409018544743,5.87558,-5.65512,0.0
1989-01-01,4.48276,5.4,9.12,9.09,5.64054,4.31516,8.07012,0.1394833812298728,7.81938,4.79604,0.0
1989-02-01,4.64716,5.2,9.36,9.17,5.72519,4.31516,8.07012,0.13901263400283392,4.14847,6.32866,0.0
1989-03-01,4.8927,5.0,9.85,9.36,6.29171,4.31516,8.07012,0.10151296149964906,-0.31712,19.90504,0.0
1989-04-01,5.03413,5.2,9.84,9.18,6.14367,3.74791,4.53408,0.15092596703390826,0.32895,17.70629,0.0
1989-05-01,5.2766,5.2,9.81,8.86,6.29108,3.74791,4.53408,0.22569626797998454,-4.32489,14.87556,0.0
1989-06-01,5.16949,5.3,9.53,8.28,5.31716,3.74791,4.53408,0.19596743359499813,-4.32946,21.02238,0.0
1989-07-01,5.06329,5.2,9.24,8.02,4.54124,3.90754,3.02322,0.23370050473877169,-1.49893,26.75184,0.0
1989-08-01,4.62185,5.2,8.99,8.11,3.7037,3.90754,3.02322,0.31426990450142367,-8.00821,19.31203,0.0
1989-09-01,4.43515,5.3,9.02,8.19,3.9778,3.90754,3.02322,0.2961506876163684,-1.54162,35.43928,0.0
1989-10-01,4.58716,5.3,8.84,8.01,4.25139,2.74321,0.72195,0.252352695871932,-0.21254,45.60806,0.0
1989-11-01,4.65503,5.4,8.55,7.87,4.06279,2.74321,0.72195,0.25530832670073833,-2.25806,41.80439,0.0
1989-12-01,4.6396,5.4,8.45,7.84,3.66972,2.74321,0.72195,0.2605909410814986,-1.52339,29.64466,0.0
1990-01-01,5.19802,5.4,8.23,8.21,3.9819,2.82101,-1.61708,0.19115404881945564,-5.00511,25.90224,0.0
1990-02-01,5.26316,5.3,8.24,8.47,3.2491,2.82101,-1.61708,0.12394630290352593,-6.18449,24.02109,0.0
1990-03-01,5.23732,5.2,8.28,8.59,2.42152,2.82101,-1.61708,0.15630255620430877,-3.18134,5.00386,0.0
1990-04-01,4.71162,5.4,8.26,8.79,1.60285,2.4127,-0.62511,0.11886479244457737,2.62295,-11.68251,0.0
1990-05-01,4.3654,5.4,8.18,8.76,1.23675,2.4127,-0.62511,0.1156945873937012,-0.11025,-8.96066,0.0
1990-06-01,4.67365,5.2,8.29,8.48,1.24004,2.4127,-0.62511,0.11324003345682665,-2.53863,-15.66608,0.0
1990-07-01,4.81928,5.5,8.15,8.47,1.50709,1.72736,-1.66873,0.08467070421143141,-4.13043,-5.12116,0.0
1990-08-01,5.70281,5.7,8.13,8.75,4.01786,1.72736,-1.66873,-0.04576153704487451,-14.73214,46.71202,1.0
1990-09-01,6.16987,5.9,8.2,8.89,5.33808,1.72736,-1.66873,-0.09190886042178881,-24.00835,71.92508,1.0
1990-10-01,6.37959,5.9,8.11,8.72,7.0922,0.60306,-6.47575,-0.11592631965292899,-31.94888,78.79648,1.0
1990-11-01,6.19539,6.2,7.81,8.39,6.5661,0.60306,-6.47575,-0.07327071259750018,-27.39274,62.9667,1.0
1990-12-01,6.25495,6.3,7.31,8.08,5.04425,0.60306,-6.47575,-0.05686772761912007,-27.62431,29.63297,1.0
1991-01-01,5.64706,6.4,6.91,8.09,3.56832,-0.9502,-10.47673,-0.042610481280720425,-28.17204,10.23806,1.0
1991-02-01,5.3125,6.6,6.25,7.85,2.44755,-0.9502,-10.47673,0.0962634865094647,-21.34078,-7.16935,1.0
1991-03-01,4.82115,6.8,6.12,8.11,1.75131,-0.9502,-10.47673,0.09990397464832346,-3.94304,-2.73288,1.0
1991-04-01,4.80993,6.7,5.91,8.04,1.66521,-0.53893,-10.50496,0.12271832549988493,-12.88605,12.06006,0.0
1991-05-01,5.03486,6.9,5.78,8.07,1.65794,-0.53893,-10.50496,0.07920705387547611,-13.57616,16.46652,0.0
1991-06-01,4.69592,6.9,5.9,8.28,1.83727,-0.53893,-10.50496,0.04968644653422016,-7.02152,19.70245,0.0
1991-07-01,4.36782,6.8,5.82,8.27,1.39738,-0.10281,-6.92876,0.05609480387828292,-6.00907,14.92649,0.0
1991-08-01,3.79939,6.9,5.66,7.9,-0.25751,-0.10281,-6.92876,0.17734626266461273,7.32984,-20.18842,0.0
1991-09-01,3.39623,6.9,5.45,7.65,-1.94257,-0.10281,-6.92876,0.22761604271720492,14.01099,-35.1174,0.0
1991-10-01,2.84858,7.0,5.21,7.53,-3.64238,1.1664,2.0821,0.25969475190044333,22.53521,-35.33768,0.0
1991-11-01,3.06657,7.0,4.81,7.42,-3.08077,1.1664,2.0821,0.2240106966827926,4.69697,-30.44892,0.0
1991-12-01,2.98063,7.3,4.43,7.09,-2.35889,1.1664,2.0821,0.18178270451858536,4.12214,-28.60592,0.0
1992-01-01,2.67261,7.3,4.03,7.03,-2.85714,2.85894,3.64498,0.2783213190943825,1.0479,-24.59634,0.0
1992-02-01,2.81899,7.4,4.06,7.34,-1.02389,2.85894,3.64498,0.1388290030620618,-2.27273,-7.44531,0.0
1992-03-01,3.18991,7.4,3.98,7.54,-0.08606,2.85894,3.64498,0.0942452990628766,-13.34094,-4.75327,0.0
1992-04-01,3.18283,7.4,3.73,7.48,0.25862,3.16984,9.50686,0.07303151946667086,-5.62347,-2.78538,0.0
1992-05-01,3.0236,7.6,3.82,7.39,0.60086,3.16984,9.50686,0.09741529801649995,1.14943,-1.41243,0.0
1992-06-01,3.01471,7.8,3.76,7.26,1.37457,3.16984,9.50686,0.07925483162676406,-2.07065,10.79475,0.0
1992-07-01,3.15712,7.7,3.25,6.84,1.55039,3.66539,8.23432,0.09158887405040073,-7.59952,1.58263,0.0
1992-08-01,3.07467,7.6,3.3,6.59,1.29088,3.66539,8.23432,0.07325046544215863,-7.19512,-1.55847,0.0
1992-09-01,2.9927,7.6,3.22,6.42,1.63652,3.66539,8.23432,0.08078193037426207,-8.91566,0.20588,0.0
1992-10-01,3.27988,7.3,3.1,6.59,1.46048,4.38265,7.7171,0.06621954664222285,-6.3857,-6.62993,0.0
1992-11-01,3.12046,7.4,3.09,6.87,1.20275,4.38265,7.7171,0.0956792752420057,23.44428,-9.45026,0.0
1992-12-01,2.96671,7.4,2.92,6.77,1.46678,4.38265,7.7171,0.12130707515002004,33.43109,-0.56361,0.0
1993-01-01,3.2538,7.3,3.02,6.6,2.07612,3.31991,12.33174,0.04603497571557691,32.2963,1.35494,0.0
1993-02-01,3.24675,7.1,3.03,6.26,2.06897,3.31991,12.33174,0.07065199526727128,25.87209,5.56989,0.0
1993-03-01,3.01941,7.0,3.07,5.98,2.23945,3.31991,12.33174,0.10504269936511035,13.02632,7.56502,0.0
1993-04-01,3.15638,7.1,2.96,5.97,2.57954,2.80667,6.93077,0.08755486385874267,10.88083,0.13338,0.0
1993-05-01,3.22119,7.1,3.0,6.04,2.13311,2.80667,6.93077,0.07336290320492234,1.38889,-4.77555,0.0
1993-06-01,2.99786,7.0,3.04,5.96,1.27119,2.80667,6.93077,0.0974466740486577,1.36816,-14.77095,0.0
1993-07-01,2.84698,6.9,3.06,5.81,1.10263,2.28651,5.367,0.07766466269817851,0.52219,-17.89145,0.0
1993-08-01,2.84091,6.8,3.03,5.68,0.84962,2.28651,5.367,0.08661936954160554,1.57687,-15.64871,0.0
1993-09-01,2.764,6.7,3.09,5.36,0.59322,2.28651,5.367,0.09739621927863462,3.04233,-20.0347,0.0
1993-10-01,2.75229,6.8,2.99,5.33,0.84674,2.60771,7.62011,0.12459861401355199,12.82401,-16.33622,0.0
1993-11-01,2.74455,6.6,3.02,5.72,1.01868,2.60771,7.62011,0.09470745332099995,-4.80657,-17.90876,0.0
1993-12-01,2.81096,6.5,2.96,5.77,0.85034,2.60771,7.62011,0.06956648281934341,-3.07692,-25.23316,0.0
1994-01-01,2.45098,6.6,3.05,5.75,0.9322,3.43071,9.14616,0.08676778928596707,5.5991,-21.36304,0.0
1994-02-01,2.51572,6.6,3.25,5.97,0.76014,3.43071,9.14616,0.06763882662349907,7.62125,-26.29532,0.0
1994-03-01,2.65178,6.5,3.34,6.48,0.84246,3.43071,9.14616,0.030328673200318956,6.51921,-27.95007,0.0
1994-04-01,2.36439,6.4,3.56,6.97,0.33529,4.22561,13.85898,0.009376430075300757,8.17757,-19.19092,0.0
1994-05-01,2.28849,6.1,4.01,7.18,0.16708,4.22561,13.85898,0.012694259394252505,15.56663,-10.33099,0.0
1994-06-01,2.4948,6.1,4.25,7.1,0.83682,4.22561,13.85898,0.015101484722187974,11.90184,0.0,0.0
1994-07-01,2.69896,6.1,4.26,7.3,1.25839,4.33705,12.76483,0.009199504759979993,15.58442,9.98545,0.0
1994-08-01,2.90055,6.0,4.47,7.24,2.10615,4.33705,12.76483,0.022274168230479896,18.62872,2.06008,0.0
1994-09-01,2.96552,5.9,4.73,7.46,1.93766,4.33705,12.76483,0.01681678076511517,17.45828,-0.30832,0.0
1994-10-01,2.60989,5.8,4.76,7.74,1.51134,4.11617,11.54281,-0.00018578886417541796,12.0919,-2.39735,0.0
1994-11-01,2.60274,5.6,5.29,7.96,2.10084,4.11617,11.54281,-0.004051142810891695,12.80788,8.38972,0.0
1994-12-01,2.5974,5.5,5.45,7.81,2.78246,4.11617,11.54281,-0.02309023987478509,7.82313,18.26327,0.0
1995-01-01,2.87081,5.6,5.53,7.78,3.1906,3.48141,8.57831,-0.016369924644346834,3.49947,19.93333,0.0
1995-02-01,2.86299,5.4,5.92,7.47,3.52054,3.48141,8.57831,0.02193633703401865,2.03863,25.37212,0.0
1995-03-01,2.78722,5.4,5.98,7.2,3.50877,3.48141,8.57831,0.0632702133375409,-1.31148,26.53479,0.0
1995-04-01,3.125,5.8,6.05,7.06,4.09357,2.40238,1.33921,0.13566486531260535,-0.10799,21.30647,0.0
1995-05-01,3.11864,5.6,6.01,6.63,4.17014,2.40238,1.33921,0.16171057532961663,-3.23276,10.40268,0.0
1995-06-01,3.0426,5.6,6.0,6.17,3.9834,2.40238,1.33921,0.18584731982596514,1.64474,-3.4085,0.0
1995-07-01,2.83019,5.7,5.85,6.28,3.8111,2.67333,2.40816,0.23474803662597488,6.06742,-11.95929,0.0
1995-08-01,2.61745,5.7,5.74,6.49,3.21782,2.67333,2.40816,0.20434760654789907,4.90731,-1.90424,0.0
1995-09-01,2.54521,5.6,5.8,6.2,3.47107,2.67333,2.40816,0.23943776447401377,-2.84153,4.41008,0.0
1995-10-01,2.74431,5.5,5.76,6.04,3.63937,2.19979,0.80449,0.2567935033902664,-2.69687,-1.52456,0.0
1995-11-01,2.60347,5.6,5.8,5.93,3.20988,2.19979,0.80449,0.29178458555159126,-3.71179,-0.60773,0.0
1995-12-01,2.53165,5.6,5.6,5.71,3.11731,2.19979,0.80449,0.35015159100953874,-4.31125,10.95571,0.0
1996-01-01,2.7907,5.6,5.56,5.65,2.76648,2.60131,1.35929,0.3206233317673477,-8.5041,4.94719,0.0
1996-02-01,2.71703,5.5,5.22,5.81,2.18623,2.60131,1.35929,0.3478079754345189,-6.94006,2.91419,0.0
1996-03-01,2.84392,5.5,5.31,6.27,2.01776,2.60131,1.35929,0.31211753290015465,3.76523,15.14825,0.0
1996-04-01,2.83267,5.6,5.22,6.51,2.24719,4.00238,8.48266,0.2741986140107062,0.21622,18.62104,0.0
1996-05-01,2.82709,5.6,5.24,6.74,2.56205,4.00238,8.48266,0.26233912993503306,-0.44543,7.64944,0.0
1996-06-01,2.82152,5.3,5.27,6.91,2.15483,4.00238,8.48266,0.23944364621078096,-0.32362,11.02063,0.0
1996-07-01,2.88336,5.5,5.4,6.87,2.15483,4.05013,14.09004,0.1555600426822601,0.3178,23.23699,0.0
1996-08-01,2.8123,5.1,5.22,6.64,2.55795,4.05013,14.09004,0.1852449020945386,-0.93555,21.797,0.0
1996-09-01,3.00457,5.2,5.3,6.83,2.39617,4.05013,14.09004,0.16607763473529702,6.52418,31.59627,0.0
1996-10-01,3.06189,5.2,5.24,6.53,2.15483,4.42145,11.17733,0.20335181709861994,6.98448,42.77523,0.0
1996-11-01,3.25309,5.4,5.31,6.2,2.23285,4.42145,11.17733,0.23531319254548433,12.47166,31.79544,0.0
1996-12-01,3.37882,5.4,5.29,6.3,2.70485,4.42145,11.17733,0.2093786428411375,6.48352,33.35084,0.0
1997-01-01,3.03814,5.3,5.25,6.58,2.692,4.31407,11.62795,0.24705707810512645,9.07055,33.31568,0.0
1997-02-01,3.03226,5.2,5.19,6.42,1.8225,4.31407,11.62795,0.22914947902838922,12.65537,16.46565,0.0
1997-03-01,2.76527,5.2,5.39,6.69,0.71203,4.31407,11.62795,0.22421017181789793,6.72359,-1.73221,0.0
1997-04-01,2.43434,5.1,5.51,6.89,-0.31397,4.31127,13.04722,0.18040826545002964,9.38511,-16.33432,0.0
1997-05-01,2.23785,4.9,5.5,6.71,-0.54645,4.31127,13.04722,0.25991085939515735,15.43624,-1.97647,0.0
1997-06-01,2.23357,5.0,5.56,6.49,-0.625,4.31127,13.04722,0.3108264937149856,13.09524,-6.25917,0.0
1997-07-01,2.16561,4.9,5.52,6.22,-0.85938,4.6747,9.63854,0.43663560226018516,13.09398,-7.92683,0.0
1997-08-01,2.29008,4.8,5.54,6.3,-0.85737,4.6747,9.63854,0.3999706069593205,9.54879,-9.24408,0.0
1997-09-01,2.2194,4.9,5.54,6.21,-0.54602,4.6747,9.63854,0.38841964880127455,11.93242,-17.50729,0.0
1997-10-01,2.08597,4.7,5.5,6.03,-0.15625,4.48355,11.3961,0.355979606730634,9.43005,-14.61847,0.0
1997-11-01,1.89036,4.6,5.52,5.88,-0.23401,4.48355,11.3961,0.27628550596991674,8.06452,-14.93041,0.0
1997-12-01,1.69705,4.7,5.5,5.81,-1.78156,4.48355,11.3961,0.29480887750170504,5.36636,-27.84561,0.0
1998-01-01,1.63112,4.6,5.56,5.54,-3.31534,4.85553,13.98323,0.25729295180895284,9.44559,-33.61144,0.0
1998-02-01,1.4402,4.6,5.51,5.57,-2.72374,4.85553,13.98323,0.28226747561306675,10.7322,-27.69023,0.0
1998-03-01,1.37672,4.7,5.49,5.65,-2.04242,4.85553,13.98323,0.35936407421647365,6.5,-28.44212,0.0
1998-04-01,1.4384,4.3,5.45,5.64,-1.65354,4.09279,6.72705,0.4558910321415226,7.19921,-21.70385,0.0
1998-05-01,1.68856,4.4,5.49,5.65,-1.80534,4.09279,6.72705,0.3304866158657873,3.19767,-28.66059,0.0
1998-06-01,1.62297,4.5,5.56,5.5,-1.88679,4.09279,6.72705,0.2648716177135182,1.05263,-28.74283,0.0
1998-07-01,1.74564,4.5,5.54,5.46,-1.57604,4.10345,7.99856,0.24995578683471176,-1.77404,-28.27305,0.0
1998-08-01,1.61692,4.5,5.55,5.34,-2.35849,4.10345,7.99856,0.1583260813596572,0.0,-32.96538,0.0
1998-09-01,1.4268,4.6,5.51,4.81,-2.90196,4.10345,7.99856,0.08923537540086834,-4.81132,-24.4568,0.0
1998-10-01,1.48607,4.5,5.07,4.53,-2.9734,4.88313,9.67029,0.08548560198184552,-7.76515,-32.31421,0.0
1998-11-01,1.48423,4.4,4.83,4.83,-3.362,4.88313,9.67029,0.2188780580192724,-4.19776,-36.29152,0.0
1998-12-01,1.60692,4.4,4.68,4.65,-3.15457,4.88313,9.67029,0.23658938036875998,-1.56709,-38.42795,0.0
1999-01-01,1.66667,4.3,4.63,4.72,-1.99362,4.81634,7.95605,0.29627141264987067,-2.53283,-25.37403,0.0
1999-02-01,1.66667,4.4,4.76,5.0,-2.16,4.81634,7.95605,0.21767200762064753,-2.08333,-25.21793,0.0
1999-03-01,1.7284,4.2,4.81,5.23,-1.68404,4.81634,7.95605,0.19022186830935106,-0.75117,-2.3968,0.0
1999-04-01,2.28113,4.3,4.74,5.18,-1.04083,4.72189,8.68362,0.20010899721102438,-3.77185,12.3057,0.0
1999-05-01,2.09102,4.2,4.74,5.54,-0.31974,4.72189,8.68362,0.20178056930225075,0.28169,19.44818,0.0
1999-06-01,1.9656,4.3,4.76,5.9,0.32051,4.72189,8.68362,0.19322015978352258,1.60985,30.96633,0.0
1999-07-01,2.14461,4.3,4.99,5.79,0.64051,4.79112,8.84766,0.1940317668993916,0.76046,42.54261,0.0
1999-08-01,2.26438,4.2,5.07,5.94,2.17391,4.79112,8.84766,0.23530929093483888,0.09579,59.13174,0.0
1999-09-01,2.62997,4.2,5.22,5.92,3.39257,4.79112,8.84766,0.2915150336202892,6.24381,59.73244,0.0
1999-10-01,2.56254,4.1,5.2,6.11,2.98387,4.82357,8.45505,0.2591261709772963,5.95483,57.33148,0.0
1999-11-01,2.62035,4.1,5.42,6.03,3.80259,4.82357,8.45505,0.21545102261703808,4.38169,94.31907,0.0
1999-12-01,2.6764,4.0,5.3,6.28,4.07166,4.82357,8.45505,0.20052351470213425,4.87562,131.20567,0.0
2000-01-01,2.79296,4.0,5.45,6.66,4.39382,4.22474,4.79932,0.14158740071541143,7.79596,117.96311,0.0
2000-02-01,3.21797,4.1,5.73,6.52,6.13246,4.22474,4.79932,0.11414601818346726,2.96022,144.37968,0.0
2000-03-01,3.76214,4.0,5.85,6.26,6.68842,4.22474,4.79932,0.12526582287664656,1.3245,103.88813,0.0
2000-04-01,3.01386,3.8,6.02,5.99,5.74434,5.24446,10.95117,0.09484769683386429,4.39771,48.44291,0.0
2000-05-01,3.13253,4.0,6.27,6.44,5.53328,5.24446,10.95117,0.06486541717282068,3.65169,62.14085,0.0
2000-06-01,3.73494,4.0,6.53,6.1,6.86901,5.24446,10.95117,0.105407029754651,-0.83877,77.92063,0.0
2000-07-01,3.59928,4.0,6.54,6.05,6.36436,3.97317,6.93289,0.06662792225420566,2.16981,48.33084,0.0
2000-08-01,3.35129,4.1,6.5,5.83,4.72813,3.97317,6.93289,0.11899883580383497,2.67943,46.84854,0.0
2000-09-01,3.4565,3.9,6.52,5.8,5.23438,3.97317,6.93289,0.11370451712690421,-0.37313,41.87605,0.0
2000-10-01,3.45033,3.9,6.51,5.74,6.02976,2.90559,4.37274,0.06933337625394898,2.51938,46.11307,0.0
2000-11-01,3.44418,3.9,6.51,5.72,5.22214,2.90559,4.37274,-0.011477506935084758,0.37313,37.76532,0.0
2000-12-01,3.43602,3.9,6.4,5.24,6.57277,2.90559,4.37274,-0.06842282020755996,-6.64137,9.12577,0.0
2001-01-01,3.7212,4.2,5.98,5.16,9.11925,2.19751,0.32945,-0.0630943905952821,-15.44643,8.83002,0.0
2001-02-01,3.52941,4.2,5.49,5.1,5.85516,2.19751,0.32945,-0.05984912175407697,-18.59838,0.88586,0.0
2001-03-01,2.98246,4.3,5.31,4.89,3.89908,2.19751,0.32945,-0.17775644871485774,-14.56583,-8.86584,0.0
2001-04-01,3.21826,4.4,4.8,5.14,4.36113,0.9963,-5.13347,-0.18579893969684114,-19.04762,6.48796,1.0
2001-05-01,3.56308,4.3,4.21,5.39,3.95137,0.9963,-5.13347,-0.10441526084678254,-16.8925,-0.48645,1.0
2001-06-01,3.19396,4.5,3.97,5.28,1.27055,0.9963,-5.13347,-0.15270510967077278,-12.96992,-13.28935,1.0
2001-07-01,2.72148,4.6,3.77,5.24,-0.22438,0.48924,-6.28315,-0.18231671432072183,-14.68144,-11.15217,1.0
2001-08-01,2.72148,4.9,3.65,4.97,0.37622,0.48924,-6.28315,-0.20663948534440357,-14.72507,-12.01153,1.0
2001-09-01,2.59217,5.0,3.07,4.73,-1.03935,0.48924,-6.28315,-0.2884158271010472,-23.40824,-23.61275,1.0
2001-10-01,2.12766,5.3,2.49,4.57,-3.76662,0.16732,-11.12588,-0.2255547869657588,-21.83365,-32.85973,1.0
2001-11-01,1.89437,5.5,2.09,4.65,-3.85185,0.16732,-11.12588,-0.1784345902100073,-22.02602,-42.81977,1.0
2001-12-01,1.60367,5.7,1.82,5.09,-5.94714,0.16732,-11.12588,-0.13975157026989082,-9.7561,-32.08011,0.0
2002-01-01,1.1959,5.7,1.73,5.04,-8.21429,1.33726,-4.10764,-0.14632054262957617,-1.79514,-33.50237,0.0
2002-02-01,1.13636,5.7,1.74,4.91,-6.55022,1.33726,-4.10764,-0.15706099434680454,0.11038,-29.9561,0.0
2002-03-01,1.36286,5.7,1.73,5.28,-4.48859,1.33726,-4.10764,-0.02703462092158626,4.59016,-10.35242,0.0
2002-04-01,1.64399,5.9,1.75,5.21,-4.10557,1.32538,-2.69667,-0.06538917447840331,5.20362,-4.15907,0.0
2002-05-01,1.24083,5.8,1.75,5.16,-4.38596,1.32538,-2.69667,-0.15042984518817193,5.32609,-5.65642,0.0
2002-06-01,1.06922,5.8,1.75,4.93,-3.39483,1.32538,-2.69667,-0.18136801577326178,-0.21598,-7.53623,0.0
2002-07-01,1.46561,5.8,1.73,4.65,-1.64918,2.14652,-0.66739,-0.24979383380300835,-4.65368,1.85255,0.0
2002-08-01,1.74746,5.7,1.74,4.26,-1.42429,2.14652,-0.66739,-0.22566887342614805,-4.2623,3.3127,0.0
2002-09-01,1.516,5.7,1.75,3.87,-0.75019,2.14652,-0.66739,-0.16927488169867977,5.25672,14.64451,0.0
2002-10-01,2.02703,5.7,1.75,3.94,2.22563,1.99252,4.42475,-0.20616858784664271,-2.5393,29.89644,0.0
2002-11-01,2.25352,5.9,1.34,4.05,2.54237,1.99252,4.42475,-0.19452914007644972,0.35757,33.55363,0.0
2002-12-01,2.48027,6.0,1.24,4.03,3.74707,1.99252,4.42475,-0.21464319590995096,-2.36486,52.19865,0.0
2003-01-01,2.75746,5.8,1.24,4.05,5.29183,1.67926,2.22778,-0.2143218731609624,-11.39785,67.46314,0.0
2003-02-01,3.14607,5.9,1.26,3.9,7.16511,1.67926,2.22778,-0.2389910158260551,-11.90739,72.95082,0.0
2003-03-01,3.02521,5.9,1.25,3.81,8.78274,1.67926,2.22778,-0.2662263593877141,-18.91327,37.38739,0.0
2003-04-01,2.17513,6.0,1.26,3.96,4.58716,1.95507,1.24201,-0.19964202464480785,-7.52688,7.53711,0.0
2003-05-01,1.89415,6.1,1.26,3.57,4.5107,1.95507,1.24201,-0.13277936662361278,-4.95356,4.14508,0.0
2003-06-01,1.94878,6.3,1.22,3.33,5.42399,1.95507,1.24201,-0.025691848669194606,-2.92208,20.37618,0.0
2003-07-01,2.05556,6.2,1.01,3.98,4.95427,3.23114,5.03728,0.09844719380602207,3.17821,14.17966,0.0
2003-08-01,2.21607,6.1,1.03,4.45,4.94297,3.23114,5.03728,0.08435641237328362,1.94064,11.31078,0.0
2003-09-01,2.37832,6.1,1.01,4.27,4.68632,3.23114,5.03728,0.17472666170525009,1.8583,-4.65116,0.0
2003-10-01,2.04194,6.0,1.01,4.29,4.57958,4.30044,8.7273,0.21541807983591488,11.16625,5.12998,0.0
2003-11-01,1.92837,5.8,1.0,4.3,4.35763,4.30044,8.7273,0.15382765791182984,11.28266,18.34793,0.0
2003-12-01,2.0352,5.7,0.98,4.27,4.96614,4.30044,8.7273,0.2018034577208523,6.80507,9.2794,0.0
2004-01-01,2.02629,5.7,1.0,4.15,4.5085,4.34195,8.02931,0.2642015481918283,25.97087,4.03764,0.0
2004-02-01,1.68845,5.6,1.01,4.08,3.27035,4.34195,8.02931,0.36500770636553437,18.14768,-3.15026,0.0
2004-03-01,1.74008,5.8,1.0,3.83,1.34561,4.34195,8.02931,0.3276043006308551,23.45361,9.56781,0.0
2004-04-01,2.29258,5.6,1.0,4.35,5.84795,4.22749,11.60111,0.2730852106138788,9.53488,29.87611,0.0
2004-05-01,2.89776,5.6,1.0,4.72,7.38844,4.22749,11.60111,0.1782321241664584,-2.06298,43.14144,0.0
2004-06-01,3.16767,5.6,1.03,4.73,6.66667,4.22749,11.60111,0.14652086430739764,6.57748,23.76302,0.0
2004-07-01,2.93958,5.5,1.26,4.5,7.0443,3.49486,9.4141,0.1141572554550605,6.38064,32.28218,0.0
2004-08-01,2.54743,5.4,1.43,4.28,7.24638,3.49486,9.4141,0.10045465059634084,7.39082,42.26021,0.0
2004-09-01,2.53917,5.4,1.61,4.13,6.6426,3.49486,9.4141,0.09634124624438978,7.41163,62.42489,0.0
2004-10-01,3.19091,5.5,1.76,4.1,7.68126,3.3511,8.00532,0.07637540355042094,2.34375,75.1731,0.0
2004-11-01,3.62162,5.4,1.93,4.19,8.99928,3.3511,8.00532,0.1133810806986848,-0.96051,55.87005,0.0
2004-12-01,3.34232,5.4,2.16,4.23,7.67025,3.3511,8.00532,0.10972578541757527,4.85961,34.77449,0.0
2005-01-01,2.84487,5.3,2.28,4.22,6.71853,3.90884,10.85291,0.04316974958786024,-7.99615,36.67931,0.0
2005-02-01,3.05303,5.4,2.5,4.17,6.68543,3.90884,10.85291,0.04921520922055311,-0.3178,38.0829,0.0
2005-03-01,3.20684,5.2,2.63,4.5,7.40741,3.90884,10.85291,0.06309684608593003,-3.34029,47.74211,0.0
2005-04-01,3.36179,5.2,2.79,4.34,7.0442,3.61774,5.22493,0.02766713665924514,-6.90021,44.56255,0.0
2005-05-01,2.86929,5.1,3.0,4.14,5.10899,3.61774,5.22493,0.0684579999618955,-3.65854,23.70904,0.0
2005-06-01,2.54103,5.0,3.04,4.0,4.82337,3.61774,5.22493,0.061351201612505735,0.41841,47.97475,0.0
2005-07-01,3.06716,5.0,3.26,4.18,6.03799,3.4486,4.94317,0.10524998416219522,-0.20683,44.26149,0.0
2005-08-01,3.64693,4.9,3.5,4.26,6.48649,3.4486,4.94317,0.12428198862623341,-7.09072,44.57054,0.0
2005-09-01,4.74183,5.0,3.62,4.2,9.8172,3.4486,4.94317,0.09686213688487921,-18.36518,42.69859,0.0
2005-10-01,4.3501,5.0,3.78,4.46,10.8,2.97274,6.08021,0.06609274342431504,-19.08397,17.3913,0.0
2005-11-01,3.33855,5.0,4.0,4.54,8.12417,2.97274,6.08021,0.05854114179262937,-12.06897,20.30541,0.0
2005-12-01,3.33855,4.9,4.16,4.47,8.52197,2.97274,6.08021,0.052419834818922206,-5.76725,37.1567,0.0
2006-01-01,4.01879,4.7,4.29,4.42,8.88005,3.21311,4.69324,0.08237162971226675,-4.50262,39.85909,0.0
2006-02-01,3.63825,4.8,4.49,4.57,6.72823,3.21311,4.69324,0.06420199165144602,-7.86397,28.47613,0.0
2006-03-01,3.41792,4.7,4.59,4.72,5.53025,3.21311,4.69324,0.08271590851179655,-3.99568,15.81661,0.0
2006-04-01,3.61384,4.7,4.79,4.99,6.0,2.9729,5.46384,0.11828786658220358,-0.34208,31.3914,0.0
2006-05-01,3.97727,4.6,4.94,5.11,7.45301,2.9729,5.46384,0.09483171876397445,-8.97583,42.36404,0.0
2006-06-01,4.18172,4.6,4.99,5.11,7.64744,2.9729,5.46384,0.04234965867639229,-11.5625,26.12869,0.0
2006-07-01,4.10467,4.7,5.24,5.09,6.71785,2.32528,3.70094,0.031088490756939535,-12.22798,26.7632,0.0
2006-08-01,3.92657,4.7,5.25,4.88,6.53553,2.32528,3.70094,0.05136086791544425,-7.96857,12.43651,0.0
2006-09-01,2.01207,4.5,5.25,4.72,1.97287,2.32528,3.70094,0.07490589225799171,11.05332,-2.59265,0.0
2006-10-01,1.40633,4.4,5.25,4.73,-2.40674,2.63456,-1.36917,0.14380714270514128,26.14555,-5.59564,0.0
2006-11-01,1.9687,4.5,5.25,4.6,0.54979,2.63456,-1.36917,0.12224828810821387,12.86765,1.83533,0.0
2006-12-01,2.52398,4.4,5.24,4.56,1.59509,2.63456,-1.36917,0.1222973864914294,0.21858,4.37489,0.0
2007-01-01,2.07577,4.6,5.25,4.76,-0.18259,1.57672,-3.42132,0.11373733475966086,6.25,-16.69974,0.0
2007-02-01,2.42026,4.5,5.26,4.72,3.09023,1.57672,-3.42132,0.13171197589314332,5.30565,-3.84553,0.0
2007-03-01,2.7982,4.4,5.26,4.56,4.37731,1.57672,-3.42132,0.0875117872672646,-0.56243,-3.72019,0.0
2007-04-01,2.59292,4.5,5.25,4.69,4.32136,1.93437,-1.92724,0.12400517526643817,-0.34325,-8.20778,0.0
2007-05-01,2.70989,4.4,5.25,4.75,4.52352,1.93437,-1.92724,0.1714115113824246,11.63085,-10.54412,0.0
2007-06-01,2.69277,4.6,5.25,5.1,4.63576,1.93437,-1.92724,0.20852854712341773,0.47114,-4.90417,0.0
2007-07-01,2.31789,4.7,5.26,5.0,4.97602,2.36804,-2.68364,0.20668395809449036,6.72963,-0.3091,0.0
2007-08-01,1.89745,4.6,5.02,4.67,2.68017,2.36804,-2.68364,0.13010717283425222,1.70732,-0.90349,0.0
2007-09-01,2.83383,4.7,4.94,4.52,4.89722,2.36804,-2.68364,0.13612162124671312,-2.34192,25.14483,0.0
2007-10-01,3.6107,4.7,4.76,4.53,7.70654,2.13336,-1.97677,0.1292976142634914,-13.56838,46.39946,0.0
2007-11-01,4.37327,4.7,4.49,4.15,8.74848,2.13336,-1.97677,0.05383019707169012,-17.37242,59.37342,0.0
2007-12-01,4.10881,5.0,4.24,4.1,7.85024,2.13336,-1.97677,0.04433959622582617,-17.6663,47.88006,0.0
2008-01-01,4.2947,5.0,3.94,3.74,10.36585,1.39247,-4.03705,-0.03187643896503223,-19.09185,70.33168,1.0
2008-02-01,4.14296,4.9,2.98,3.74,9.53237,1.39247,-4.03705,-0.0622387634923256,-22.45345,60.90111,1.0
2008-03-01,3.9749,5.1,2.61,3.51,10.98641,1.39247,-4.03705,-0.0639743497647175,-21.38009,74.30647,1.0
2008-04-01,3.90376,5.0,2.28,3.68,11.3769,1.37601,-6.54968,-0.06365730432224048,-28.12859,75.97311,1.0
2008-05-01,4.08841,5.4,1.98,3.88,13.44489,1.37601,-6.54968,-0.07141590070018433,-32.27633,97.58903,1.0
2008-06-01,4.93597,5.6,2.0,4.1,15.36249,1.37601,-6.54968,-0.11438742377336641,-33.88042,98.47362,1.0
2008-07-01,5.49751,5.8,2.01,4.01,17.36151,0.26597,-7.3455,-0.17319495509005278,-32.30088,79.88676,1.0
2008-08-01,5.30802,6.1,2.0,3.89,15.42923,0.26597,-7.3455,-0.11903105664373936,-24.46043,61.08579,1.0
2008-09-01,4.95332,6.1,1.81,3.69,13.48703,0.26597,-7.3455,-0.18708864862193597,-15.70743,29.98874,1.0
2008-10-01,3.73106,6.5,0.97,3.81,6.6972,-2.54115,-15.33311,-0.3707690674972064,-28.80099,-11.07889,1.0
2008-11-01,1.09992,6.8,0.39,3.53,-1.22905,-2.54115,-15.33311,-0.39657685116787056,-27.33246,-39.29402,1.0
2008-12-01,-0.02223,7.3,0.16,2.42,-4.31131,-2.54115,-15.33311,-0.40674156516239024,-20.39735,-55.28181,1.0
2009-01-01,-0.11359,7.8,0.15,2.52,-5.41436,-3.23423,-22.84568,-0.3722090056390934,-21.93878,-55.09414,1.0
2009-02-01,0.00846,8.3,0.22,2.87,-7.33443,-3.23423,-22.84568,-0.4056803403990893,-20.48023,-58.93026,1.0
2009-03-01,-0.44648,8.7,0.18,2.82,-10.53752,-3.23423,-22.84568,-0.4250876322370818,-17.55396,-54.54718,1.0
2009-04-01,-0.57632,9.0,0.15,2.93,-11.41959,-3.97884,-26.08812,-0.38112292880704635,3.99361,-55.76974,1.0
2009-05-01,-1.01576,9.4,0.18,3.29,-13.12309,-3.97884,-26.08812,-0.35690053232471985,14.88294,-52.8192,1.0
2009-06-01,-1.22917,9.5,0.21,3.72,-13.16708,-3.97884,-26.08812,-0.30951400927764083,25.53191,-47.97282,1.0
2009-07-01,-1.95876,9.5,0.16,3.56,-16.05839,-3.13282,-24.80973,-0.2557052892411875,7.84314,-51.97092,0.0
2009-08-01,-1.48384,9.6,0.16,3.59,-12.0603,-3.13282,-24.80973,-0.21205889045806303,4.28571,-39.06183,0.0
2009-09-01,-1.37794,9.8,0.15,3.4,-11.57948,-3.13282,-24.80973,-0.14171506528090916,4.55192,-33.14726,0.0
2009-10-01,-0.22397,10.0,0.12,3.39,-6.00858,0.10557,-8.99648,0.10204651772686812,22.56944,-1.08284,0.0
2009-11-01,1.91459,9.9,0.12,3.4,0.33937,0.10557,-8.99648,0.2321846763031894,21.88065,35.93315,0.0
2009-12-01,2.81412,9.9,0.12,3.59,4.21299,0.10557,-8.99648,0.2652985832160015,20.63228,81.13116,0.0
2010-01-01,2.62111,9.8,0.11,3.73,6.25,1.74527,4.8815,0.2980746114965642,21.56863,87.39818,0.0
2010-02-01,2.15134,9.8,0.13,3.69,6.91081,1.74527,4.8815,0.3526117360127803,30.72824,95.14811,0.0
2010-03-01,2.28617,9.9,0.16,3.73,9.04224,1.74527,4.8815,0.5216059822582615,28.44677,69.32055,0.0
2010-04-01,2.20677,9.9,0.2,3.85,9.0479,2.9136,17.19866,0.4116765955253665,10.9063,69.67263,0.0
2010-05-01,2.00355,9.6,0.2,3.42,8.19672,2.9136,17.19866,0.24673249739539438,7.13246,24.81406,0.0
2010-06-01,1.12156,9.4,0.18,3.2,5.3992,2.9136,17.19866,0.1697908939737216,7.34463,8.1372,0.0
2010-07-01,1.34078,9.4,0.18,3.01,6.72464,3.34421,22.76504,0.15385625674036008,2.72727,19.16056,0.0
2010-08-01,1.15018,9.5,0.19,2.7,5.65714,3.34421,22.76504,0.07681054937442999,4.87062,8.10583,0.0
2010-09-01,1.11831,9.5,0.19,2.65,6.20333,3.34421,22.76504,0.07422272157424059,-7.21088,8.42211,0.0
2010-10-01,1.1667,9.4,0.19,2.54,6.50685,2.77596,11.96989,0.09733419533291787,-4.10765,8.01899,0.0
2010-11-01,1.08454,9.8,0.19,2.76,5.80609,2.77596,11.96989,0.10184974890036202,6.23145,7.76127,0.0
2010-12-01,1.43779,9.3,0.18,3.29,6.51319,2.77596,11.96989,0.11811091342369884,2.75862,19.83849,0.0
2011-01-01,1.70078,9.1,0.17,3.39,5.93733,2.0378,7.56857,0.14154461131681084,-0.26882,14.31859,0.0
2011-02-01,2.1249,9.0,0.16,3.58,8.1768,2.0378,7.56857,0.21296953697381382,5.29891,17.22062,0.0
2011-03-01,2.61924,9.0,0.14,3.41,8.6743,2.0378,7.56857,0.13231890722793138,-8.28804,26.71098,0.0
2011-04-01,3.07723,9.1,0.1,3.46,10.141,1.74371,6.38283,0.11207467773854707,-3.3241,30.25568,0.0
2011-05-01,3.45897,9.0,0.09,3.17,10.44372,1.74371,6.38283,0.1895437396474371,0.95109,37.22914,0.0
2011-06-01,3.50232,9.1,0.09,3.0,11.11717,1.74371,6.38283,0.1882362067445078,-5.92105,27.79031,0.0
2011-07-01,3.57988,9.0,0.07,3.0,11.13525,0.94265,2.31056,0.22724616509697926,-6.0472,27.26201,0.0
2011-08-01,3.755,9.0,0.1,2.3,9.89724,0.94265,2.31056,0.09015449356144223,-19.01306,12.37959,0.0
2011-09-01,3.81262,9.0,0.08,1.98,10.16766,0.94265,2.31056,0.04616165171405018,-12.7566,13.6768,0.0
2011-10-01,3.52227,8.8,0.07,2.15,7.77063,1.54308,10.51199,0.030413851941960335,-10.19202,5.50672,0.0
2011-11-01,3.45143,8.6,0.08,2.01,7.29888,1.54308,10.51199,0.022959773848465925,-11.03352,15.53363,0.0
2011-12-01,3.06207,8.5,0.07,1.98,5.3242,1.54308,10.51199,0.0014477312967224876,-6.1745,10.70305,0.0
2012-01-01,3.00877,8.3,0.08,1.97,4.15153,2.63807,15.10444,0.01400222699444753,1.07817,12.1002,0.0
2012-02-01,2.89818,8.3,0.1,1.97,2.96221,2.63807,15.10444,0.02374474866446241,-2.83871,14.14378,0.0
2012-03-01,2.58288,8.2,0.13,2.17,2.51004,2.63807,15.10444,0.06497076554294723,12.88889,3.15718,0.0
2012-04-01,2.27316,8.2,0.14,2.05,0.29542,2.40334,13.06515,0.04124954405443004,9.45559,-6.09778,0.0
2012-05-01,1.73794,8.2,0.16,1.8,-1.0779,2.40334,13.06515,0.0022134256265711194,6.72948,-6.54298,0.0
2012-06-01,1.65387,8.2,0.16,1.62,-2.01079,2.40334,13.06515,0.028117744280466095,2.37762,-14.41479,0.0
2012-07-01,1.41751,8.2,0.16,1.53,-2.19941,2.57371,12.86405,0.026103305130369403,13.50078,-9.52773,0.0
2012-08-01,1.68593,8.1,0.13,1.68,-0.24606,2.57371,12.86405,0.18403911600987866,33.15412,9.06985,0.0
2012-09-01,1.94972,7.8,0.14,1.72,0.34364,2.57371,12.86405,0.22961514907516611,31.59664,10.64128,0.0
2012-10-01,2.15568,7.8,0.16,1.75,1.19344,1.55185,3.89524,0.19101837605161576,35.85526,3.65698,0.0
2012-11-01,1.79602,7.7,0.16,1.65,0.19861,1.55185,3.89524,0.13706424567191533,29.82732,-10.85279,0.0
2012-12-01,1.7595,7.9,0.16,1.72,0.85085,1.55185,3.89524,0.1439389982059862,4.29185,-10.46972,0.0
2013-01-01,1.68406,8.0,0.14,1.91,0.89686,1.70087,5.69059,0.13825946862923533,-1.6,-5.53671,0.0
2013-02-01,2.01814,7.7,0.15,1.98,1.33929,1.70087,5.69059,0.11817046831137423,3.05445,-6.77751,0.0
2013-03-01,1.51875,7.5,0.14,1.96,-0.09794,1.70087,5.69059,0.11631466421146341,3.14961,-12.37405,0.0
2013-04-01,1.13881,7.6,0.15,1.76,-0.09818,1.51994,4.71824,0.1329121659154311,0.0,-10.89713,0.0
2013-05-01,1.39039,7.5,0.11,1.93,1.08965,1.51994,4.71824,0.22260201353799003,6.55738,0.1056,0.0
2013-06-01,1.71579,7.5,0.09,2.3,2.25225,1.51994,4.71824,0.22311426261185296,14.89071,16.24803,0.0
2013-07-01,1.88547,7.3,0.09,2.58,2.14893,2.23702,8.66461,0.22716918010692666,17.70401,18.96963,0.0
2013-08-01,1.53881,7.2,0.08,2.74,0.74001,2.23702,8.66461,0.18999302566124876,10.49798,13.17969,0.0
2013-09-01,1.09473,7.2,0.08,2.81,-0.24462,2.23702,8.66461,0.16887262310146833,-1.02171,12.21495,0.0
2013-10-01,0.8768,7.2,0.09,2.62,-0.4914,3.00914,10.64828,0.19627667223226952,-11.38015,12.2474,0.0
2013-11-01,1.23287,6.9,0.08,2.72,-0.29732,3.00914,10.64828,0.278971072433682,-9.18984,8.30833,0.0
2013-12-01,1.51284,6.7,0.09,2.9,0.24814,3.00914,10.64828,0.27103541723355185,13.16872,10.6289,0.0
2014-01-01,1.55776,6.6,0.07,2.86,0.64198,1.65082,5.36898,0.23099332572244102,10.0271,-0.07393,0.0
2014-02-01,1.12047,6.7,0.07,2.71,0.68527,1.65082,5.36898,0.20149495722754218,5.15464,5.77004,0.0
2014-03-01,1.61269,6.7,0.08,2.72,1.47059,1.65082,5.36898,0.2016304544149079,1.78117,8.32886,0.0
2014-04-01,2.01513,6.2,0.09,2.71,2.35872,2.68915,8.28562,0.18689797316673085,10.07853,10.8613,0.0
2014-05-01,2.16695,6.3,0.09,2.56,1.91083,2.68915,8.28562,0.15240755413822926,-3.07692,7.78481,0.0
2014-06-01,2.05898,6.1,0.1,2.6,1.95791,2.68915,8.28562,0.20281731529258495,-1.9025,10.42797,0.0
2014-07-01,1.97424,6.2,0.09,2.54,1.76125,3.05978,6.47421,0.18243484388631748,-3.87779,-0.97505,0.0
2014-08-01,1.7151,6.1,0.09,2.42,1.3712,3.05978,6.47421,0.17450414816102433,0.48721,-9.41165,0.0
2014-09-01,1.68405,5.9,0.09,2.53,1.22609,3.05978,6.47421,0.18139965154506354,9.16129,-12.30596,0.0
2014-10-01,1.60954,5.7,0.09,2.3,0.44444,2.68584,5.7978,0.12630492300587792,18.71585,-16.05331,0.0
2014-11-01,1.23152,5.8,0.09,2.33,-0.14911,2.68584,5.7978,0.1463555371521934,18.24234,-19.25208,0.0
2014-12-01,0.65312,5.6,0.12,2.21,-2.47525,2.68584,5.7978,0.13635053999033242,13.45455,-39.27072,0.0
2015-01-01,-0.22993,5.7,0.11,1.88,-5.78999,3.9693,10.56476,0.11294268219087877,20.81281,-50.09512,0.0
2015-02-01,-0.08703,5.5,0.11,1.98,-7.09772,3.9693,10.56476,0.14593064737649142,16.91176,-49.83138,0.0
2015-03-01,-0.02203,5.4,0.11,2.04,-7.48792,3.9693,10.56476,0.11616012340746451,16.25,-52.55952,0.0
2015-04-01,-0.10403,5.4,0.12,1.94,-8.35334,3.27909,6.62309,0.1236947058109128,14.03092,-46.65426,0.0
2015-05-01,0.03503,5.6,0.12,2.2,-7.01923,3.27909,6.62309,0.11756812305081565,10.74481,-41.99452,0.0
2015-06-01,0.17957,5.3,0.13,2.36,-6.48104,3.27909,6.62309,0.07816599807831959,16.48485,-43.45401,0.0
2015-07-01,0.22569,5.2,0.13,2.32,-6.77885,2.44732,4.45071,0.06134693677647407,13.81418,-50.86398,0.0
2015-08-01,0.2413,5.1,0.14,2.17,-7.29469,2.44732,4.45071,0.03993526589924512,11.39394,-55.59354,0.0
2015-09-01,0.00884,5.0,0.14,2.17,-8.38178,2.44732,4.45071,-0.02449486479225016,3.07329,-51.20695,0.0
2015-10-01,0.12762,5.0,0.12,2.07,-7.81711,2.11986,3.49581,0.04518635473950683,3.56732,-45.23697,0.0
2015-11-01,0.43632,5.1,0.12,2.26,-7.56595,2.11986,3.49581,0.017629311684252524,2.81532,-44.00317,0.0
2015-12-01,0.63872,5.0,0.24,2.24,-6.85279,2.11986,3.49581,-9.093312989771896e-05,-1.06838,-37.27441,0.0
2016-01-01,1.2375,4.8,0.34,2.09,-4.89583,1.79502,-0.41645,-0.054029081496490106,-6.21814,-32.90978,0.0
2016-02-01,0.84728,4.9,0.38,1.78,-5.12821,1.79502,-0.41645,-0.0853797232642548,-3.87841,-40.05536,0.0
2016-03-01,0.89162,5.0,0.36,1.89,-4.90862,1.79502,-0.41645,-0.02790221921353575,-2.15054,-21.47637,0.0
2016-04-01,1.17263,5.1,0.37,1.81,-4.03353,1.49325,-1.23243,-0.009226192421869395,-7.19499,-25.1607,0.0
2016-05-01,1.07848,4.8,0.37,1.81,-4.18821,1.49325,-1.23243,-0.021966988552907463,4.41014,-21.19116,0.0
2016-06-01,1.07929,4.9,0.38,1.64,-3.6961,1.49325,-1.23243,-0.007332162824054245,-2.70552,-18.4888,0.0
2016-07-01,0.86836,4.8,0.39,1.5,-3.19752,1.80576,-1.02513,0.026148326226438368,-3.32975,-12.27898,0.0
2016-08-01,1.05532,4.9,0.4,1.56,-2.76186,1.80576,-1.02513,0.06746322952417816,-2.28509,4.31537,0.0
2016-09-01,1.54864,5.0,0.4,1.63,-1.16341,1.80576,-1.02513,0.10969364249830371,4.58716,-0.65963,0.0
2016-10-01,1.68592,4.9,0.4,1.76,-0.42667,2.18157,2.3049,0.05837982970493094,-3.11111,7.70229,0.0
2016-11-01,1.68433,4.7,0.41,2.14,0.3231,2.18157,2.3049,0.04055008918963621,2.73823,7.58718,0.0
2016-12-01,2.0508,4.7,0.54,2.49,2.56131,2.18157,2.3049,0.09374003189123337,6.04752,39.74187,0.0
2017-01-01,2.51039,4.7,0.65,2.43,4.43593,2.08746,2.4723,0.18582220577741948,7.06522,65.7197,0.0
2017-02-01,2.81036,4.6,0.66,2.42,5.68119,2.08746,2.4723,0.22342360647151338,5.01636,76.35224,0.0
2017-03-01,2.4412,4.4,0.79,2.48,5.162,2.08746,2.4723,0.17056177548876406,6.48352,31.3715,0.0
2017-04-01,2.17622,4.4,0.9,2.3,5.34934,2.33041,4.5298,0.13672339476556705,8.98876,25.30061,0.0
2017-05-01,1.85634,4.4,0.91,2.3,4.04749,2.33041,4.5298,0.15966465359099669,2.53432,3.78934,0.0
2017-06-01,1.64057,4.3,1.04,2.19,3.19829,2.33041,4.5298,0.16800015980094618,1.60428,-7.34208,0.0
2017-07-01,1.72511,4.3,1.15,2.32,3.09004,2.41082,5.81892,0.1420262664804568,3.77778,4.43449,0.0
2017-08-01,1.92812,4.4,1.16,2.21,3.85852,2.41082,5.81892,0.12801064794791994,7.7951,7.42397,0.0
2017-09-01,2.18057,4.3,1.15,2.2,4.22686,2.41082,5.81892,0.15532811745791042,4.27632,10.27003,0.0
2017-10-01,2.02076,4.2,1.15,2.36,4.39207,2.99414,4.92696,0.19317418918547502,15.48165,3.61591,0.0
2017-11-01,2.17249,4.2,1.16,2.35,5.15298,2.99414,4.92696,0.1979782359155502,5.01066,24.04731,0.0
2017-12-01,2.12993,4.1,1.3,2.4,4.30393,2.99414,4.92696,0.1859281052087154,-2.34216,11.37195,0.0
2018-01-01,2.15132,4.0,1.41,2.58,3.77556,3.32881,6.80618,0.22622487878206154,-2.84264,21.33333,0.0
2018-02-01,2.26347,4.1,1.42,2.86,4.01879,3.32881,6.80618,0.16105541362280218,3.53063,16.38302,0.0
2018-03-01,2.33095,4.0,1.51,2.84,4.07311,3.32881,6.80618,0.14194207545589443,4.64396,27.164,0.0
2018-04-01,2.471,4.0,1.69,2.87,3.78238,3.29896,5.13573,0.12474656684576368,1.85567,29.74931,0.0
2018-05-01,2.78192,3.8,1.7,2.98,5.39419,3.29896,5.13573,0.1278094077515377,0.92688,44.34818,0.0
2018-06-01,2.80755,4.0,1.82,2.91,5.47521,3.29896,5.13573,0.1316225765471648,3.36842,50.22134,0.0
2018-07-01,2.85412,3.8,1.91,2.89,5.5814,3.13003,6.558,0.13835642735813236,4.81799,52.2196,0.0
2018-08-01,2.64292,3.8,1.91,2.89,4.95356,3.13003,6.558,0.16350198966175977,-0.61983,41.67361,0.0
2018-09-01,2.33206,3.7,1.95,3.0,4.51745,3.13003,6.558,0.16393322613735406,5.25762,40.96748,0.0
2018-10-01,2.49203,3.8,2.19,3.15,4.97691,2.12511,4.66141,0.08934992331513514,-2.0854,37.16557,0.0
2018-11-01,2.14733,3.8,2.2,3.12,3.26697,2.12511,4.66141,0.04997894788423474,-1.01523,0.56497,0.0
2018-12-01,2.00238,3.9,2.27,2.83,2.39429,2.12511,4.66141,-0.03641919658974935,2.50261,-14.44368,0.0
2019-01-01,1.48759,4.0,2.4,2.71,0.60637,1.85129,3.84242,-0.06538589464297428,-4.70219,-19.34066,0.0
2019-02-01,1.51886,3.8,2.4,2.68,-0.05018,1.85129,3.84242,0.01837563988889146,-5.91775,-11.69854,0.0
2019-03-01,1.88319,3.8,2.41,2.57,0.75263,1.85129,3.84242,0.037446704482359205,-2.95858,-7.30113,0.0
2019-04-01,2.00058,3.7,2.42,2.53,0.89865,2.15405,4.59037,0.09427660279113526,-1.61943,-3.60755,0.0
2019-05-01,1.79591,3.6,2.39,2.4,-0.73819,2.15405,4.59037,0.056713919400080526,2.04082,-13.07516,0.0
2019-06-01,1.67119,3.6,2.38,2.07,-1.90989,2.15405,4.59037,0.04930852969818478,0.0,-19.46368,0.0
2019-07-01,1.82633,3.7,2.4,2.06,-1.76211,2.67026,2.57533,0.07247534972667324,0.51073,-19.20259,0.0
2019-08-01,1.73764,3.6,2.13,1.63,-2.0649,2.67026,2.57533,0.013867218836328243,-6.65281,-19.46812,0.0
2019-09-01,1.6845,3.5,2.04,1.7,-2.55403,2.67026,2.57533,0.02779785545116753,-6.89311,-18.9093,0.0
2019-10-01,1.73397,3.6,1.83,1.71,-2.93255,3.18256,1.30167,0.06900479185742969,-3.14402,-23.73145,0.0
2019-11-01,2.09229,3.6,1.55,1.81,-1.63124,3.18256,1.30167,0.14015447495006805,-0.71795,0.12289,0.0
2019-12-01,2.31953,3.6,1.55,1.86,-0.99502,3.18256,1.30167,0.23738572528181323,1.01729,20.92084,0.0
2020-01-01,2.51226,3.6,1.55,1.76,0.10045,1.22655,-2.00402,0.25727369557906754,9.42982,11.95018,0.0
2020-02-01,2.33974,3.5,1.58,1.5,-1.25502,1.22655,-2.00402,0.18964636284227954,7.67591,-8.02548,0.0
2020-03-01,1.52314,4.4,0.65,0.87,-3.83466,1.22655,-2.00402,-0.05406242421375296,-9.45122,-49.76784,1.0
2020-04-01,0.34988,14.8,0.05,0.66,-8.21376,-7.52846,-16.75351,-0.0488410891095431,-26.13169,-74.08393,1.0
2020-05-01,0.21622,13.2,0.05,0.67,-6.49479,-7.52846,-16.75351,0.022735292356096393,-27.7,-53.04948,0.0
2020-06-01,0.70177,11.0,0.08,0.73,-4.54319,-7.52846,-16.75351,0.07421544493133192,-20.46843,-29.91218,0.0
2020-07-01,1.01876,10.2,0.09,0.62,-3.83657,-1.46893,-2.1743,0.07059327033031426,-26.32114,-29.01482,0.0
2020-08-01,1.3006,8.4,0.1,0.65,-2.45984,-1.46893,-2.1743,0.17058430401179092,-17.4833,-22.75132,0.0
2020-09-01,1.37308,7.8,0.09,0.68,-1.46169,-1.46893,-2.1743,0.12855151263192055,-13.73391,-30.41264,0.0
2020-10-01,1.20317,6.8,0.09,0.79,-1.0574,-1.08329,2.11641,0.14811044485491642,-14.34555,-26.98295,0.0
2020-11-01,1.16954,6.7,0.09,0.87,-0.35176,-1.08329,2.11641,0.1430279061396751,-20.55785,-28.21322,0.0
2020-12-01,1.30495,6.7,0.09,0.93,0.75377,-1.08329,2.11641,0.16323619491334496,-18.73112,-21.47629,0.0
2021-01-01,1.3951,6.4,0.09,1.08,2.75966,1.57261,3.91242,0.1572646956718553,-20.84168,-9.59666,0.0
2021-02-01,1.67293,6.2,0.08,1.26,7.0666,1.57261,3.91242,0.1849434930171312,-23.9604,16.81836,0.0
2021-03-01,2.61863,6.1,0.07,1.61,11.34127,1.57261,3.91242,0.4743318004648942,-4.7138,113.38583,0.0
2021-04-01,4.14874,6.1,0.07,1.64,17.46631,11.95027,19.77958,0.4993531301382266,22.9805,272.93051,0.0
2021-05-01,4.92636,5.8,0.06,1.62,19.24708,11.95027,19.77958,0.427537136960356,14.66113,128.18627,0.0
2021-06-01,5.31509,5.9,0.08,1.52,19.71757,11.95027,19.77958,0.36520207447044406,9.47503,86.32211,0.0
2021-07-01,5.25758,5.4,0.1,1.32,20.12953,4.73532,4.70505,0.36042113065729997,12.0,78.06436,0.0
2021-08-01,5.17531,5.1,0.09,1.28,20.13124,4.73532,4.70505,0.31319184312571124,-5.12821,59.96693,0.0
2021-09-01,5.36101,4.7,0.08,1.37,20.55141,4.73532,4.70505,0.32090961111855987,-9.45274,80.79738,0.0
2021-10-01,6.21904,4.5,0.08,1.58,22.37405,5.42109,7.94255,0.30479629202470626,-12.34719,106.80203,0.0
2021-11-01,6.86253,4.1,0.08,1.56,22.68633,5.42109,7.94255,0.31513004738152284,-12.35371,93.3317,0.0
2021-12-01,7.17658,3.9,0.08,1.47,20.36808,5.42109,7.94255,0.2650556390918195,-12.51549,52.50957,0.0
2022-01-01,7.56977,4.0,0.08,1.76,20.33838,3.56508,10.52325,0.20561906927920992,-14.93671,60.03846,0.0
2022-02-01,7.94892,3.8,0.08,1.93,19.97151,3.56508,10.52325,0.1422835167139036,-18.22917,55.2168,0.0
2022-03-01,8.54743,3.6,0.2,2.13,20.93674,3.56508,10.52325,0.12293976899595238,-30.03534,74.07348,0.0
2022-04-01,8.25186,3.7,0.33,2.75,21.75769,1.8706,8.97713,0.06039825021945355,-26.16082,64.90603,0.0
2022-05-01,8.533,3.6,0.77,2.9,21.49889,1.8706,8.97713,-0.030588804187237195,-29.55368,68.09882,0.0
2022-06-01,8.98974,3.6,1.21,3.14,22.43381,1.8706,8.97713,-0.08010940177911874,-41.52047,60.8854,0.0
2022-07-01,8.44982,3.5,1.68,2.9,17.43541,1.71321,2.91296,-0.10357769321531918,-36.57635,40.18485,0.0
2022-08-01,8.21881,3.6,2.33,2.9,15.4793,1.71321,2.91296,-0.06632355344166574,-17.21195,38.29913,0.0
2022-09-01,8.19827,3.5,2.56,3.52,13.6712,1.71321,2.91296,-0.13384704159562566,-19.50549,17.59944,0.0
2022-10-01,7.75194,3.6,3.08,3.98,10.22852,0.65169,-2.41964,-0.16469499326256787,-16.45746,7.44968,0.0
2022-11-01,7.11947,3.6,3.78,3.89,8.16731,0.65169,-2.41964,-0.1606676519957546,-15.87537,6.59507,0.0
2022-12-01,6.4115,3.5,4.1,3.62,6.86133,0.65169,-2.41964,-0.16308639083005982,-15.29745,6.59601,0.0
2023-01-01,6.36212,3.4,4.33,3.53,5.5889,1.71793,-6.1282,-0.13405851842797778,-3.42262,-6.12833,0.0
2023-02-01,5.96552,3.6,4.57,3.75,2.37829,1.71793,-6.1282,-0.08031950780403274,6.52866,-16.16107,0.0
2023-03-01,4.93509,3.5,4.65,3.66,-1.13532,1.71793,-6.1282,-0.09626066587970816,4.3771,-32.46083,0.0
2023-04-01,4.94106,3.4,4.83,3.46,-3.16686,2.38247,-2.22672,-0.06144624140128219,-2.30061,-21.93948,0.0
2023-05-01,4.12069,3.7,5.06,3.57,-7.16594,2.38247,-2.22672,0.02618905065775934,1.0274,-34.65997,0.0
2023-06-01,3.05326,3.6,5.08,3.75,-9.41692,2.38247,-2.22672,0.1144991684721206,28.4,-38.82793,0.0
2023-07-01,3.27178,3.5,5.12,3.9,-6.77222,2.92689,2.14431,0.15245072474586263,38.83495,-25.14269,0.0
2023-08-01,3.71872,3.8,5.33,4.17,-4.40222,2.92689,2.14431,0.07185068125356864,19.24399,-13.10985,0.0
2023-09-01,3.69406,3.8,5.33,4.38,-3.34605,2.92689,2.14431,0.14506467358986908,15.69966,6.13577,0.0
2023-10-01,3.24579,3.8,5.33,4.8,-3.72329,3.13449,1.48284,0.14582462674913366,6.51085,-2.18161,0.0
2023-11-01,3.13948,3.7,5.33,4.5,-3.91439,3.13449,1.48284,0.13850065047525661,8.11287,-7.91751,0.0
